﻿ciiu2d,sectores,descripcion
1,A,"Agricultura, ganadería, caza y silvicultura"
2,A,"Agricultura, ganadería, caza y silvicultura"
5,B,Pesca
10,C,Explotación de minas y canteras
11,C,Explotación de minas y canteras
12,C,Explotación de minas y canteras
13,C,Explotación de minas y canteras
14,C,Explotación de minas y canteras
15,D15,Alimentos
16,D16,Tabaco
17,D17,Productos textiles
18,D18,Confecciones
19,D19,Cuero
20,D20,Madera
21,D21,Papel
22,D22,Edición
23,D23,Productos de petróleo
24,D24,Productos químicos
25,D25,Productos de caucho y plástico
26,D26,Otros minerales no metálicos
27,D27,Metales comunes
28,D28,Otros productos de metal
29,D29,Maquinaria y equipo
30,D30,Maquinaria de oficina
31,D31,Aparatos eléctricos
32,D32,Radio y televisión
33,D33,Instrumentos médicos
34,D34,Automotores
35,D35,Otros equipo de transporte
36,D36,Muebles
37,D37,Reciclamiento de desperdicios y desechos
40,E,"Suministro de electricidad, gas y agua"
41,E,"Suministro de electricidad, gas y agua"
45,F,Construcción
50,G,Comercio al por mayor y al por menor
51,G,Comercio al por mayor y al por menor
52,G,Comercio al por mayor y al por menor
55,H,
60,I60,Transporte ferroviario y automotor y por tuberias
61,I61,Transporte marítimo y fluvial
62,I62,Transporte aéreo de cargas y de pasajeros
63,I63,"Manipulación de carga, almacenamiento y depósito"
64,I64,Correos y telecomunicaciones
65,J,Intermediación financiera
66,J,Intermediación financiera
67,J,Intermediación financiera
70,K70,Servicios inmobiliarios
71,K71,Alquiler de equipo de transporte y de maquinaria
72,K72,Actividades de informática
73,K73,Investigación y desarrollo
74,K74,Servicios jurídicos contables y otros servicios a empresas (sin minería)
75,L,Administración pública y defensa
80,M,Enseñanza
85,N,Servicios sociales y de salud
90,O,"Otras actividades de servicios comunitarios, sociales y personales"
91,O,"Otras actividades de servicios comunitarios, sociales y personales"
92,O,"Otras actividades de servicios comunitarios, sociales y personales"
93,O,"Otras actividades de servicios comunitarios, sociales y personales"
95,P,Actividades de hogares privados como empleadores y actividades no diferenciadas de hogares privados como productores
96,P,Actividades de hogares privados como empleadores y actividades no diferenciadas de hogares privados como productores
97,P,Actividades de hogares privados como empleadores y actividades no diferenciadas de hogares privados como productores
99,Q,Organizaciones y órganos extraterritoriales